{"_default": {"1": {"time": 41526, "temperature": 23.700000762939453, "humidity": 13.5}, "2": {"time": 41531, "temperature": 23.700000762939453, "humidity": 13.399999618530273}, "3": {"time": 41537, "temperature": 23.600000381469727, "humidity": 13.5}, "4": {"time": 41543, "temperature": 23.600000381469727, "humidity": 13.399999618530273}, "5": {"time": 41554, "temperature": 23.600000381469727, "humidity": 13.399999618530273}, "6": {"time": 41560, "temperature": 23.5, "humidity": 13.100000381469727}, "7": {"time": 41565, "temperature": 23.5, "humidity": 13.0}, "8": {"time": 41571, "temperature": 23.5, "humidity": 12.899999618530273}, "9": {"time": 41577, "temperature": 23.5, "humidity": 13.100000381469727}, "10": {"time": 41593, "temperature": 23.5, "humidity": 12.899999618530273}, "11": {"time": 41599, "temperature": 23.399999618530273, "humidity": 12.800000190734863}, "12": {"time": 41611, "temperature": 23.399999618530273, "humidity": 12.699999809265137}, "13": {"time": 41616, "temperature": 23.399999618530273, "humidity": 13.0}, "14": {"time": 41622, "temperature": 23.399999618530273, "humidity": 12.800000190734863}, "15": {"time": 41634, "temperature": 23.399999618530273, "humidity": 12.699999809265137}, "16": {"time": 41639, "temperature": 23.299999237060547, "humidity": 12.600000381469727}, "17": {"time": 41667, "temperature": 23.299999237060547, "humidity": 12.5}, "18": {"time": 41673, "temperature": 23.299999237060547, "humidity": 12.5}, "19": {"time": 41679, "temperature": 23.299999237060547, "humidity": 12.699999809265137}, "20": {"time": 41684, "temperature": 23.299999237060547, "humidity": 12.699999809265137}, "21": {"time": 41690, "temperature": 23.299999237060547, "humidity": 12.600000381469727}, "22": {"time": 41701, "temperature": 23.200000762939453, "humidity": 12.600000381469727}, "23": {"time": 41712, "temperature": 23.200000762939453, "humidity": 12.5}, "24": {"time": 42007, "temperature": 23.399999618530273, "humidity": 12.800000190734863}, "25": {"time": 42035, "temperature": 23.399999618530273, "humidity": 13.199999809265137}, "26": {"time": 42041, "temperature": 23.399999618530273, "humidity": 13.0}, "27": {"time": 42047, "temperature": 23.399999618530273, "humidity": 12.800000190734863}, "28": {"time": 42052, "temperature": 23.299999237060547, "humidity": 12.600000381469727}, "29": {"time": 42064, "temperature": 23.299999237060547, "humidity": 12.5}, "30": {"time": 42070, "temperature": 23.299999237060547, "humidity": 12.600000381469727}, "31": {"time": 42165, "temperature": 23.299999237060547, "humidity": 12.5}, "32": {"time": 42171, "temperature": 23.299999237060547, "humidity": 12.5}, "33": {"time": 42177, "temperature": 23.299999237060547, "humidity": 12.399999618530273}, "34": {"time": 42182, "temperature": 23.299999237060547, "humidity": 12.399999618530273}, "35": {"time": 42188, "temperature": 23.299999237060547, "humidity": 12.5}, "36": {"time": 42194, "temperature": 23.299999237060547, "humidity": 12.5}, "37": {"time": 42199, "temperature": 23.299999237060547, "humidity": 12.5}, "38": {"time": 42205, "temperature": 23.299999237060547, "humidity": 12.5}, "39": {"time": 42211, "temperature": 23.299999237060547, "humidity": 12.600000381469727}, "40": {"time": 42217, "temperature": 23.299999237060547, "humidity": 12.5}, "41": {"time": 42233, "temperature": 23.200000762939453, "humidity": 12.399999618530273}, "42": {"time": 42239, "temperature": 23.200000762939453, "humidity": 12.399999618530273}, "43": {"time": 42245, "temperature": 23.200000762939453, "humidity": 12.300000190734863}, "44": {"time": 42267, "temperature": 23.200000762939453, "humidity": 12.5}, "45": {"time": 42273, "temperature": 23.200000762939453, "humidity": 12.300000190734863}, "46": {"time": 42279, "temperature": 23.200000762939453, "humidity": 12.300000190734863}, "47": {"time": 42290, "temperature": 23.200000762939453, "humidity": 12.399999618530273}, "48": {"time": 42301, "temperature": 23.200000762939453, "humidity": 12.399999618530273}, "49": {"time": 42307, "temperature": 23.200000762939453, "humidity": 12.399999618530273}, "50": {"time": 42313, "temperature": 23.200000762939453, "humidity": 12.300000190734863}, "51": {"time": 42318, "temperature": 23.200000762939453, "humidity": 12.300000190734863}, "52": {"time": 42324, "temperature": 23.200000762939453, "humidity": 12.300000190734863}, "53": {"time": 42335, "temperature": 23.200000762939453, "humidity": 12.300000190734863}, "54": {"time": 42347, "temperature": 23.200000762939453, "humidity": 12.399999618530273}, "55": {"time": 42353, "temperature": 23.200000762939453, "humidity": 12.399999618530273}, "56": {"time": 42364, "temperature": 23.200000762939453, "humidity": 12.399999618530273}, "57": {"time": 42370, "temperature": 23.200000762939453, "humidity": 12.399999618530273}, "58": {"time": 42392, "temperature": 23.200000762939453, "humidity": 12.5}, "59": {"time": 42398, "temperature": 23.200000762939453, "humidity": 12.600000381469727}, "60": {"time": 42420, "temperature": 23.200000762939453, "humidity": 12.800000190734863}, "61": {"time": 42426, "temperature": 23.200000762939453, "humidity": 12.899999618530273}, "62": {"time": 42431, "temperature": 23.200000762939453, "humidity": 12.899999618530273}, "63": {"time": 42437, "temperature": 23.299999237060547, "humidity": 13.0}, "64": {"time": 42443, "temperature": 23.200000762939453, "humidity": 12.899999618530273}, "65": {"time": 42448, "temperature": 23.299999237060547, "humidity": 13.399999618530273}, "66": {"time": 42454, "temperature": 23.299999237060547, "humidity": 13.300000190734863}, "67": {"time": 42460, "temperature": 23.299999237060547, "humidity": 13.300000190734863}, "68": {"time": 42465, "temperature": 23.299999237060547, "humidity": 13.199999809265137}, "69": {"time": 42471, "temperature": 23.299999237060547, "humidity": 13.800000190734863}, "70": {"time": 42477, "temperature": 23.299999237060547, "humidity": 13.800000190734863}, "71": {"time": 42482, "temperature": 23.299999237060547, "humidity": 13.600000381469727}, "72": {"time": 42488, "temperature": 23.299999237060547, "humidity": 13.399999618530273}, "73": {"time": 42494, "temperature": 23.299999237060547, "humidity": 13.300000190734863}, "74": {"time": 42500, "temperature": 23.299999237060547, "humidity": 13.100000381469727}, "75": {"time": 42506, "temperature": 23.299999237060547, "humidity": 13.0}, "76": {"time": 42511, "temperature": 23.299999237060547, "humidity": 13.0}, "77": {"time": 42517, "temperature": 23.299999237060547, "humidity": 12.899999618530273}, "78": {"time": 42523, "temperature": 23.299999237060547, "humidity": 12.899999618530273}, "79": {"time": 42529, "temperature": 23.299999237060547, "humidity": 13.399999618530273}, "80": {"time": 42534, "temperature": 23.299999237060547, "humidity": 13.100000381469727}, "81": {"time": 42540, "temperature": 23.299999237060547, "humidity": 13.0}, "82": {"time": 42557, "temperature": 23.299999237060547, "humidity": 13.0}, "83": {"time": 42563, "temperature": 23.299999237060547, "humidity": 12.899999618530273}, "84": {"time": 42568, "temperature": 23.299999237060547, "humidity": 12.899999618530273}, "85": {"time": 42585, "temperature": 23.299999237060547, "humidity": 12.899999618530273}, "86": {"time": 42620, "temperature": 23.299999237060547, "humidity": 13.199999809265137}, "87": {"time": 42626, "temperature": 23.299999237060547, "humidity": 13.100000381469727}, "88": {"time": 42631, "temperature": 23.299999237060547, "humidity": 13.0}, "89": {"time": 42637, "temperature": 23.299999237060547, "humidity": 12.899999618530273}, "90": {"time": 42643, "temperature": 23.399999618530273, "humidity": 12.800000190734863}, "91": {"time": 42648, "temperature": 23.299999237060547, "humidity": 12.699999809265137}, "92": {"time": 42654, "temperature": 23.399999618530273, "humidity": 12.699999809265137}, "93": {"time": 42671, "temperature": 23.299999237060547, "humidity": 12.5}, "94": {"time": 42677,